agent_id,sm,rsm,srsm,zonal_head,branch,city,valid_from
AGT0001,SM1111-Karan,RSM111-Simran,SRSM11-Nikhil,ZH1-Kiran,Mumbai North Branch,Mumbai,2026-01-01
AGT0002,SM1111-Karan,RSM111-Simran,SRSM11-Nikhil,ZH1-Kiran,Mumbai North Branch,Mumbai,2026-01-01
AGT0003,SM1111-Karan,RSM111-Simran,SRSM11-Nikhil,ZH1-Kiran,Mumbai North Branch,Mumbai,2026-01-01
AGT0004,SM1111-Karan,RSM111-Simran,SRSM11-Nikhil,ZH1-Kiran,Mumbai North Branch,Mumbai,2026-01-01
AGT0005,SM1112-Ramesh,RSM111-Simran,SRSM11-Nikhil,ZH1-Kiran,Mumbai North Branch,Mumbai,2026-01-01
AGT0006,SM1112-Ramesh,RSM111-Simran,SRSM11-Nikhil,ZH1-Kiran,Mumbai North Branch,Mumbai,2026-01-01
AGT0007,SM1112-Ramesh,RSM111-Simran,SRSM11-Nikhil,ZH1-Kiran,Mumbai North Branch,Mumbai,2026-01-01
AGT0008,SM1112-Ramesh,RSM111-Simran,SRSM11-Nikhil,ZH1-Kiran,Mumbai North Branch,Mumbai,2026-01-01
AGT0009,SM1113-Diya,RSM111-Simran,SRSM11-Nikhil,ZH1-Kiran,Delhi North Branch,Delhi,2026-01-01
AGT0010,SM1113-Diya,RSM111-Simran,SRSM11-Nikhil,ZH1-Kiran,Delhi North Branch,Delhi,2026-01-01
AGT0011,SM1113-Diya,RSM111-Simran,SRSM11-Nikhil,ZH1-Kiran,Delhi North Branch,Delhi,2026-01-01
AGT0012,SM1121-Rahul,RSM112-Yash,SRSM11-Nikhil,ZH1-Kiran,Mumbai North Branch,Mumbai,2026-01-01
AGT0013,SM1121-Rahul,RSM112-Yash,SRSM11-Nikhil,ZH1-Kiran,Mumbai North Branch,Mumbai,2026-01-01
AGT0014,SM1121-Rahul,RSM112-Yash,SRSM11-Nikhil,ZH1-Kiran,Mumbai North Branch,Mumbai,2026-01-01
AGT0015,SM1122-Kiran,RSM112-Yash,SRSM11-Nikhil,ZH1-Kiran,Jaipur North Branch,Jaipur,2026-01-01
AGT0016,SM1122-Kiran,RSM112-Yash,SRSM11-Nikhil,ZH1-Kiran,Jaipur North Branch,Jaipur,2026-01-01
AGT0017,SM1122-Kiran,RSM112-Yash,SRSM11-Nikhil,ZH1-Kiran,Jaipur North Branch,Jaipur,2026-01-01
AGT0018,SM1122-Kiran,RSM112-Yash,SRSM11-Nikhil,ZH1-Kiran,Jaipur North Branch,Jaipur,2026-01-01
AGT0019,SM1122-Kiran,RSM112-Yash,SRSM11-Nikhil,ZH1-Kiran,Jaipur North Branch,Jaipur,2026-01-01
AGT0020,SM1123-Pradeep,RSM112-Yash,SRSM11-Nikhil,ZH1-Kiran,Chandigarh North Branch,Chandigarh,2026-01-01
AGT0021,SM1123-Pradeep,RSM112-Yash,SRSM11-Nikhil,ZH1-Kiran,Chandigarh North Branch,Chandigarh,2026-01-01
AGT0022,SM1123-Pradeep,RSM112-Yash,SRSM11-Nikhil,ZH1-Kiran,Chandigarh North Branch,Chandigarh,2026-01-01
AGT0023,SM1211-Pallavi,RSM121-Anil,SRSM12-Nisha,ZH1-Kiran,Jaipur North Branch,Jaipur,2026-01-01
AGT0024,SM1211-Pallavi,RSM121-Anil,SRSM12-Nisha,ZH1-Kiran,Jaipur North Branch,Jaipur,2026-01-01
AGT0025,SM1211-Pallavi,RSM121-Anil,SRSM12-Nisha,ZH1-Kiran,Jaipur North Branch,Jaipur,2026-01-01
AGT0026,SM1211-Pallavi,RSM121-Anil,SRSM12-Nisha,ZH1-Kiran,Jaipur North Branch,Jaipur,2026-01-01
AGT0027,SM1211-Pallavi,RSM121-Anil,SRSM12-Nisha,ZH1-Kiran,Jaipur North Branch,Jaipur,2026-01-01
AGT0028,SM1212-Rajesh,RSM121-Anil,SRSM12-Nisha,ZH1-Kiran,Delhi North Branch,Delhi,2026-01-01
AGT0029,SM1212-Rajesh,RSM121-Anil,SRSM12-Nisha,ZH1-Kiran,Delhi North Branch,Delhi,2026-01-01
AGT0030,SM1212-Rajesh,RSM121-Anil,SRSM12-Nisha,ZH1-Kiran,Delhi North Branch,Delhi,2026-01-01
AGT0031,SM1212-Rajesh,RSM121-Anil,SRSM12-Nisha,ZH1-Kiran,Delhi North Branch,Delhi,2026-01-01
AGT0032,SM1212-Rajesh,RSM121-Anil,SRSM12-Nisha,ZH1-Kiran,Delhi North Branch,Delhi,2026-01-01
AGT0033,SM1213-Anil,RSM121-Anil,SRSM12-Nisha,ZH1-Kiran,Lucknow North Branch,Lucknow,2026-01-01
AGT0034,SM1213-Anil,RSM121-Anil,SRSM12-Nisha,ZH1-Kiran,Lucknow North Branch,Lucknow,2026-01-01
AGT0035,SM1213-Anil,RSM121-Anil,SRSM12-Nisha,ZH1-Kiran,Lucknow North Branch,Lucknow,2026-01-01
AGT0036,SM1213-Anil,RSM121-Anil,SRSM12-Nisha,ZH1-Kiran,Lucknow North Branch,Lucknow,2026-01-01
AGT0037,SM1213-Anil,RSM121-Anil,SRSM12-Nisha,ZH1-Kiran,Lucknow North Branch,Lucknow,2026-01-01
AGT0038,SM1221-Riya,RSM122-Aarav,SRSM12-Nisha,ZH1-Kiran,Lucknow North Branch,Lucknow,2026-01-01
AGT0039,SM1221-Riya,RSM122-Aarav,SRSM12-Nisha,ZH1-Kiran,Lucknow North Branch,Lucknow,2026-01-01
AGT0040,SM1221-Riya,RSM122-Aarav,SRSM12-Nisha,ZH1-Kiran,Lucknow North Branch,Lucknow,2026-01-01
AGT0041,SM1221-Riya,RSM122-Aarav,SRSM12-Nisha,ZH1-Kiran,Lucknow North Branch,Lucknow,2026-01-01
AGT0042,SM1221-Riya,RSM122-Aarav,SRSM12-Nisha,ZH1-Kiran,Lucknow North Branch,Lucknow,2026-01-01
AGT0043,SM1222-Naveen,RSM122-Aarav,SRSM12-Nisha,ZH1-Kiran,Jaipur North Branch,Jaipur,2026-01-01
AGT0044,SM1222-Naveen,RSM122-Aarav,SRSM12-Nisha,ZH1-Kiran,Jaipur North Branch,Jaipur,2026-01-01
AGT0045,SM1222-Naveen,RSM122-Aarav,SRSM12-Nisha,ZH1-Kiran,Jaipur North Branch,Jaipur,2026-01-01
AGT0046,SM1222-Naveen,RSM122-Aarav,SRSM12-Nisha,ZH1-Kiran,Jaipur North Branch,Jaipur,2026-01-01
AGT0047,SM1223-Nisha,RSM122-Aarav,SRSM12-Nisha,ZH1-Kiran,Delhi North Branch,Delhi,2026-01-01
AGT0048,SM1223-Nisha,RSM122-Aarav,SRSM12-Nisha,ZH1-Kiran,Delhi North Branch,Delhi,2026-01-01
AGT0049,SM1223-Nisha,RSM122-Aarav,SRSM12-Nisha,ZH1-Kiran,Delhi North Branch,Delhi,2026-01-01
AGT0050,SM1223-Nisha,RSM122-Aarav,SRSM12-Nisha,ZH1-Kiran,Delhi North Branch,Delhi,2026-01-01
AGT0051,SM1223-Nisha,RSM122-Aarav,SRSM12-Nisha,ZH1-Kiran,Delhi North Branch,Delhi,2026-01-01
AGT0052,SM2111-Karan,RSM211-Yash,SRSM21-Vikram,ZH2-Harish,Chennai South Branch,Chennai,2026-01-01
AGT0053,SM2111-Karan,RSM211-Yash,SRSM21-Vikram,ZH2-Harish,Chennai South Branch,Chennai,2026-01-01
AGT0054,SM2111-Karan,RSM211-Yash,SRSM21-Vikram,ZH2-Harish,Chennai South Branch,Chennai,2026-01-01
AGT0055,SM2111-Karan,RSM211-Yash,SRSM21-Vikram,ZH2-Harish,Chennai South Branch,Chennai,2026-01-01
AGT0056,SM2112-Arjun,RSM211-Yash,SRSM21-Vikram,ZH2-Harish,Chennai South Branch,Chennai,2026-01-01
AGT0057,SM2112-Arjun,RSM211-Yash,SRSM21-Vikram,ZH2-Harish,Chennai South Branch,Chennai,2026-01-01
AGT0058,SM2112-Arjun,RSM211-Yash,SRSM21-Vikram,ZH2-Harish,Chennai South Branch,Chennai,2026-01-01
AGT0059,SM2112-Arjun,RSM211-Yash,SRSM21-Vikram,ZH2-Harish,Chennai South Branch,Chennai,2026-01-01
AGT0060,SM2112-Arjun,RSM211-Yash,SRSM21-Vikram,ZH2-Harish,Chennai South Branch,Chennai,2026-01-01
AGT0061,SM2113-Anjali,RSM211-Yash,SRSM21-Vikram,ZH2-Harish,Bengaluru South Branch,Bengaluru,2026-01-01
AGT0062,SM2113-Anjali,RSM211-Yash,SRSM21-Vikram,ZH2-Harish,Bengaluru South Branch,Bengaluru,2026-01-01
AGT0063,SM2113-Anjali,RSM211-Yash,SRSM21-Vikram,ZH2-Harish,Bengaluru South Branch,Bengaluru,2026-01-01
AGT0064,SM2121-Rohan,RSM212-Simran,SRSM21-Vikram,ZH2-Harish,Chennai South Branch,Chennai,2026-01-01
AGT0065,SM2121-Rohan,RSM212-Simran,SRSM21-Vikram,ZH2-Harish,Chennai South Branch,Chennai,2026-01-01
AGT0066,SM2121-Rohan,RSM212-Simran,SRSM21-Vikram,ZH2-Harish,Chennai South Branch,Chennai,2026-01-01
AGT0067,SM2121-Rohan,RSM212-Simran,SRSM21-Vikram,ZH2-Harish,Chennai South Branch,Chennai,2026-01-01
AGT0068,SM2122-Manoj,RSM212-Simran,SRSM21-Vikram,ZH2-Harish,Chennai South Branch,Chennai,2026-01-01
AGT0069,SM2122-Manoj,RSM212-Simran,SRSM21-Vikram,ZH2-Harish,Chennai South Branch,Chennai,2026-01-01
AGT0070,SM2122-Manoj,RSM212-Simran,SRSM21-Vikram,ZH2-Harish,Chennai South Branch,Chennai,2026-01-01
AGT0071,SM2122-Manoj,RSM212-Simran,SRSM21-Vikram,ZH2-Harish,Chennai South Branch,Chennai,2026-01-01
AGT0072,SM2123-Vikram,RSM212-Simran,SRSM21-Vikram,ZH2-Harish,Chennai South Branch,Chennai,2026-01-01
AGT0073,SM2123-Vikram,RSM212-Simran,SRSM21-Vikram,ZH2-Harish,Chennai South Branch,Chennai,2026-01-01
AGT0074,SM2123-Vikram,RSM212-Simran,SRSM21-Vikram,ZH2-Harish,Chennai South Branch,Chennai,2026-01-01
AGT0075,SM2123-Vikram,RSM212-Simran,SRSM21-Vikram,ZH2-Harish,Chennai South Branch,Chennai,2026-01-01
AGT0076,SM2211-Pooja,RSM221-Ajay,SRSM22-Gaurav,ZH2-Harish,Hyderabad South Branch,Hyderabad,2026-01-01
AGT0077,SM2211-Pooja,RSM221-Ajay,SRSM22-Gaurav,ZH2-Harish,Hyderabad South Branch,Hyderabad,2026-01-01
AGT0078,SM2211-Pooja,RSM221-Ajay,SRSM22-Gaurav,ZH2-Harish,Hyderabad South Branch,Hyderabad,2026-01-01
AGT0079,SM2212-Yash,RSM221-Ajay,SRSM22-Gaurav,ZH2-Harish,Hyderabad South Branch,Hyderabad,2026-01-01
AGT0080,SM2212-Yash,RSM221-Ajay,SRSM22-Gaurav,ZH2-Harish,Hyderabad South Branch,Hyderabad,2026-01-01
AGT0081,SM2212-Yash,RSM221-Ajay,SRSM22-Gaurav,ZH2-Harish,Hyderabad South Branch,Hyderabad,2026-01-01
AGT0082,SM2212-Yash,RSM221-Ajay,SRSM22-Gaurav,ZH2-Harish,Hyderabad South Branch,Hyderabad,2026-01-01
AGT0083,SM2212-Yash,RSM221-Ajay,SRSM22-Gaurav,ZH2-Harish,Hyderabad South Branch,Hyderabad,2026-01-01
AGT0084,SM2213-Pradeep,RSM221-Ajay,SRSM22-Gaurav,ZH2-Harish,Coimbatore South Branch,Coimbatore,2026-01-01
AGT0085,SM2213-Pradeep,RSM221-Ajay,SRSM22-Gaurav,ZH2-Harish,Coimbatore South Branch,Coimbatore,2026-01-01
AGT0086,SM2213-Pradeep,RSM221-Ajay,SRSM22-Gaurav,ZH2-Harish,Coimbatore South Branch,Coimbatore,2026-01-01
AGT0087,SM2213-Pradeep,RSM221-Ajay,SRSM22-Gaurav,ZH2-Harish,Coimbatore South Branch,Coimbatore,2026-01-01
AGT0088,SM2213-Pradeep,RSM221-Ajay,SRSM22-Gaurav,ZH2-Harish,Coimbatore South Branch,Coimbatore,2026-01-01
AGT0089,SM2221-Simran,RSM222-Deepak,SRSM22-Gaurav,ZH2-Harish,Bengaluru South Branch,Bengaluru,2026-01-01
AGT0090,SM2221-Simran,RSM222-Deepak,SRSM22-Gaurav,ZH2-Harish,Bengaluru South Branch,Bengaluru,2026-01-01
AGT0091,SM2221-Simran,RSM222-Deepak,SRSM22-Gaurav,ZH2-Harish,Bengaluru South Branch,Bengaluru,2026-01-01
AGT0092,SM2221-Simran,RSM222-Deepak,SRSM22-Gaurav,ZH2-Harish,Bengaluru South Branch,Bengaluru,2026-01-01
AGT0093,SM2221-Simran,RSM222-Deepak,SRSM22-Gaurav,ZH2-Harish,Bengaluru South Branch,Bengaluru,2026-01-01
AGT0094,SM2222-Aditya,RSM222-Deepak,SRSM22-Gaurav,ZH2-Harish,Bengaluru South Branch,Bengaluru,2026-01-01
AGT0095,SM2222-Aditya,RSM222-Deepak,SRSM22-Gaurav,ZH2-Harish,Bengaluru South Branch,Bengaluru,2026-01-01
AGT0096,SM2222-Aditya,RSM222-Deepak,SRSM22-Gaurav,ZH2-Harish,Bengaluru South Branch,Bengaluru,2026-01-01
AGT0097,SM2222-Aditya,RSM222-Deepak,SRSM22-Gaurav,ZH2-Harish,Bengaluru South Branch,Bengaluru,2026-01-01
AGT0098,SM2222-Aditya,RSM222-Deepak,SRSM22-Gaurav,ZH2-Harish,Bengaluru South Branch,Bengaluru,2026-01-01
AGT0099,SM2223-Sanya,RSM222-Deepak,SRSM22-Gaurav,ZH2-Harish,Kochi South Branch,Kochi,2026-01-01
AGT0100,SM2223-Sanya,RSM222-Deepak,SRSM22-Gaurav,ZH2-Harish,Kochi South Branch,Kochi,2026-01-01
AGT0101,SM2223-Sanya,RSM222-Deepak,SRSM22-Gaurav,ZH2-Harish,Kochi South Branch,Kochi,2026-01-01
AGT0102,SM2223-Sanya,RSM222-Deepak,SRSM22-Gaurav,ZH2-Harish,Kochi South Branch,Kochi,2026-01-01
AGT0103,SM2223-Sanya,RSM222-Deepak,SRSM22-Gaurav,ZH2-Harish,Kochi South Branch,Kochi,2026-01-01
AGT0104,SM3111-Anjali,RSM311-Kabir,SRSM31-Ishaan,ZH3-Deepak,Surat West Branch,Surat,2026-01-01
AGT0105,SM3111-Anjali,RSM311-Kabir,SRSM31-Ishaan,ZH3-Deepak,Surat West Branch,Surat,2026-01-01
AGT0106,SM3111-Anjali,RSM311-Kabir,SRSM31-Ishaan,ZH3-Deepak,Surat West Branch,Surat,2026-01-01
AGT0107,SM3111-Anjali,RSM311-Kabir,SRSM31-Ishaan,ZH3-Deepak,Surat West Branch,Surat,2026-01-01
AGT0108,SM3111-Anjali,RSM311-Kabir,SRSM31-Ishaan,ZH3-Deepak,Surat West Branch,Surat,2026-01-01
AGT0109,SM3112-Karan,RSM311-Kabir,SRSM31-Ishaan,ZH3-Deepak,Surat West Branch,Surat,2026-01-01
AGT0110,SM3112-Karan,RSM311-Kabir,SRSM31-Ishaan,ZH3-Deepak,Surat West Branch,Surat,2026-01-01
AGT0111,SM3112-Karan,RSM311-Kabir,SRSM31-Ishaan,ZH3-Deepak,Surat West Branch,Surat,2026-01-01
AGT0112,SM3113-Nikhil,RSM311-Kabir,SRSM31-Ishaan,ZH3-Deepak,Nagpur West Branch,Nagpur,2026-01-01
AGT0113,SM3113-Nikhil,RSM311-Kabir,SRSM31-Ishaan,ZH3-Deepak,Nagpur West Branch,Nagpur,2026-01-01
AGT0114,SM3113-Nikhil,RSM311-Kabir,SRSM31-Ishaan,ZH3-Deepak,Nagpur West Branch,Nagpur,2026-01-01
AGT0115,SM3121-Isha,RSM312-Vihaan,SRSM31-Ishaan,ZH3-Deepak,Pune West Branch,Pune,2026-01-01
AGT0116,SM3121-Isha,RSM312-Vihaan,SRSM31-Ishaan,ZH3-Deepak,Pune West Branch,Pune,2026-01-01
AGT0117,SM3121-Isha,RSM312-Vihaan,SRSM31-Ishaan,ZH3-Deepak,Pune West Branch,Pune,2026-01-01
AGT0118,SM3121-Isha,RSM312-Vihaan,SRSM31-Ishaan,ZH3-Deepak,Pune West Branch,Pune,2026-01-01
AGT0119,SM3121-Isha,RSM312-Vihaan,SRSM31-Ishaan,ZH3-Deepak,Pune West Branch,Pune,2026-01-01
AGT0120,SM3122-Varun,RSM312-Vihaan,SRSM31-Ishaan,ZH3-Deepak,Indore West Branch,Indore,2026-01-01
AGT0121,SM3122-Varun,RSM312-Vihaan,SRSM31-Ishaan,ZH3-Deepak,Indore West Branch,Indore,2026-01-01
AGT0122,SM3122-Varun,RSM312-Vihaan,SRSM31-Ishaan,ZH3-Deepak,Indore West Branch,Indore,2026-01-01
AGT0123,SM3122-Varun,RSM312-Vihaan,SRSM31-Ishaan,ZH3-Deepak,Indore West Branch,Indore,2026-01-01
AGT0124,SM3123-Aditi,RSM312-Vihaan,SRSM31-Ishaan,ZH3-Deepak,Pune West Branch,Pune,2026-01-01
AGT0125,SM3123-Aditi,RSM312-Vihaan,SRSM31-Ishaan,ZH3-Deepak,Pune West Branch,Pune,2026-01-01
AGT0126,SM3123-Aditi,RSM312-Vihaan,SRSM31-Ishaan,ZH3-Deepak,Pune West Branch,Pune,2026-01-01
AGT0127,SM3123-Aditi,RSM312-Vihaan,SRSM31-Ishaan,ZH3-Deepak,Pune West Branch,Pune,2026-01-01
AGT0128,SM3123-Aditi,RSM312-Vihaan,SRSM31-Ishaan,ZH3-Deepak,Pune West Branch,Pune,2026-01-01
AGT0129,SM3211-Reyansh,RSM321-Ananya,SRSM32-Sanya,ZH3-Deepak,Indore West Branch,Indore,2026-01-01
AGT0130,SM3211-Reyansh,RSM321-Ananya,SRSM32-Sanya,ZH3-Deepak,Indore West Branch,Indore,2026-01-01
AGT0131,SM3211-Reyansh,RSM321-Ananya,SRSM32-Sanya,ZH3-Deepak,Indore West Branch,Indore,2026-01-01
AGT0132,SM3211-Reyansh,RSM321-Ananya,SRSM32-Sanya,ZH3-Deepak,Indore West Branch,Indore,2026-01-01
AGT0133,SM3211-Reyansh,RSM321-Ananya,SRSM32-Sanya,ZH3-Deepak,Indore West Branch,Indore,2026-01-01
AGT0134,SM3212-Neha,RSM321-Ananya,SRSM32-Sanya,ZH3-Deepak,Indore West Branch,Indore,2026-01-01
AGT0135,SM3212-Neha,RSM321-Ananya,SRSM32-Sanya,ZH3-Deepak,Indore West Branch,Indore,2026-01-01
AGT0136,SM3212-Neha,RSM321-Ananya,SRSM32-Sanya,ZH3-Deepak,Indore West Branch,Indore,2026-01-01
AGT0137,SM3212-Neha,RSM321-Ananya,SRSM32-Sanya,ZH3-Deepak,Indore West Branch,Indore,2026-01-01
AGT0138,SM3212-Neha,RSM321-Ananya,SRSM32-Sanya,ZH3-Deepak,Indore West Branch,Indore,2026-01-01
AGT0139,SM3213-Rohan,RSM321-Ananya,SRSM32-Sanya,ZH3-Deepak,Ahmedabad West Branch,Ahmedabad,2026-01-01
AGT0140,SM3213-Rohan,RSM321-Ananya,SRSM32-Sanya,ZH3-Deepak,Ahmedabad West Branch,Ahmedabad,2026-01-01
AGT0141,SM3213-Rohan,RSM321-Ananya,SRSM32-Sanya,ZH3-Deepak,Ahmedabad West Branch,Ahmedabad,2026-01-01
AGT0142,SM3213-Rohan,RSM321-Ananya,SRSM32-Sanya,ZH3-Deepak,Ahmedabad West Branch,Ahmedabad,2026-01-01
AGT0143,SM3213-Rohan,RSM321-Ananya,SRSM32-Sanya,ZH3-Deepak,Ahmedabad West Branch,Ahmedabad,2026-01-01
AGT0144,SM3221-Vivaan,RSM322-Pooja,SRSM32-Sanya,ZH3-Deepak,Nagpur West Branch,Nagpur,2026-01-01
AGT0145,SM3221-Vivaan,RSM322-Pooja,SRSM32-Sanya,ZH3-Deepak,Nagpur West Branch,Nagpur,2026-01-01
AGT0146,SM3221-Vivaan,RSM322-Pooja,SRSM32-Sanya,ZH3-Deepak,Nagpur West Branch,Nagpur,2026-01-01
AGT0147,SM3221-Vivaan,RSM322-Pooja,SRSM32-Sanya,ZH3-Deepak,Nagpur West Branch,Nagpur,2026-01-01
AGT0148,SM3222-Neha,RSM322-Pooja,SRSM32-Sanya,ZH3-Deepak,Indore West Branch,Indore,2026-01-01
AGT0149,SM3222-Neha,RSM322-Pooja,SRSM32-Sanya,ZH3-Deepak,Indore West Branch,Indore,2026-01-01
AGT0150,SM3222-Neha,RSM322-Pooja,SRSM32-Sanya,ZH3-Deepak,Indore West Branch,Indore,2026-01-01
AGT0151,SM3223-Pooja,RSM322-Pooja,SRSM32-Sanya,ZH3-Deepak,Nagpur West Branch,Nagpur,2026-01-01
AGT0152,SM3223-Pooja,RSM322-Pooja,SRSM32-Sanya,ZH3-Deepak,Nagpur West Branch,Nagpur,2026-01-01
AGT0153,SM3223-Pooja,RSM322-Pooja,SRSM32-Sanya,ZH3-Deepak,Nagpur West Branch,Nagpur,2026-01-01
AGT0154,SM4111-Sai,RSM411-Vijay,SRSM41-Kiran,ZH4-Vivaan,Kolkata East Branch,Kolkata,2026-01-01
AGT0155,SM4111-Sai,RSM411-Vijay,SRSM41-Kiran,ZH4-Vivaan,Kolkata East Branch,Kolkata,2026-01-01
AGT0156,SM4111-Sai,RSM411-Vijay,SRSM41-Kiran,ZH4-Vivaan,Kolkata East Branch,Kolkata,2026-01-01
AGT0157,SM4112-Riya,RSM411-Vijay,SRSM41-Kiran,ZH4-Vivaan,Bhubaneswar East Branch,Bhubaneswar,2026-01-01
AGT0158,SM4112-Riya,RSM411-Vijay,SRSM41-Kiran,ZH4-Vivaan,Bhubaneswar East Branch,Bhubaneswar,2026-01-01
AGT0159,SM4112-Riya,RSM411-Vijay,SRSM41-Kiran,ZH4-Vivaan,Bhubaneswar East Branch,Bhubaneswar,2026-01-01
AGT0160,SM4113-Meera,RSM411-Vijay,SRSM41-Kiran,ZH4-Vivaan,Guwahati East Branch,Guwahati,2026-01-01
AGT0161,SM4113-Meera,RSM411-Vijay,SRSM41-Kiran,ZH4-Vivaan,Guwahati East Branch,Guwahati,2026-01-01
AGT0162,SM4113-Meera,RSM411-Vijay,SRSM41-Kiran,ZH4-Vivaan,Guwahati East Branch,Guwahati,2026-01-01
AGT0163,SM4113-Meera,RSM411-Vijay,SRSM41-Kiran,ZH4-Vivaan,Guwahati East Branch,Guwahati,2026-01-01
AGT0164,SM4113-Meera,RSM411-Vijay,SRSM41-Kiran,ZH4-Vivaan,Guwahati East Branch,Guwahati,2026-01-01
AGT0165,SM4121-Riya,RSM412-Gaurav,SRSM41-Kiran,ZH4-Vivaan,Kolkata East Branch,Kolkata,2026-01-01
AGT0166,SM4121-Riya,RSM412-Gaurav,SRSM41-Kiran,ZH4-Vivaan,Kolkata East Branch,Kolkata,2026-01-01
AGT0167,SM4121-Riya,RSM412-Gaurav,SRSM41-Kiran,ZH4-Vivaan,Kolkata East Branch,Kolkata,2026-01-01
AGT0168,SM4121-Riya,RSM412-Gaurav,SRSM41-Kiran,ZH4-Vivaan,Kolkata East Branch,Kolkata,2026-01-01
AGT0169,SM4122-Manoj,RSM412-Gaurav,SRSM41-Kiran,ZH4-Vivaan,Ranchi East Branch,Ranchi,2026-01-01
AGT0170,SM4122-Manoj,RSM412-Gaurav,SRSM41-Kiran,ZH4-Vivaan,Ranchi East Branch,Ranchi,2026-01-01
AGT0171,SM4122-Manoj,RSM412-Gaurav,SRSM41-Kiran,ZH4-Vivaan,Ranchi East Branch,Ranchi,2026-01-01
AGT0172,SM4122-Manoj,RSM412-Gaurav,SRSM41-Kiran,ZH4-Vivaan,Ranchi East Branch,Ranchi,2026-01-01
AGT0173,SM4122-Manoj,RSM412-Gaurav,SRSM41-Kiran,ZH4-Vivaan,Ranchi East Branch,Ranchi,2026-01-01
AGT0174,SM4123-Shreya,RSM412-Gaurav,SRSM41-Kiran,ZH4-Vivaan,Patna East Branch,Patna,2026-01-01
AGT0175,SM4123-Shreya,RSM412-Gaurav,SRSM41-Kiran,ZH4-Vivaan,Patna East Branch,Patna,2026-01-01
AGT0176,SM4123-Shreya,RSM412-Gaurav,SRSM41-Kiran,ZH4-Vivaan,Patna East Branch,Patna,2026-01-01
AGT0177,SM4211-Kiran,RSM421-Rahul,SRSM42-Arjun,ZH4-Vivaan,Kolkata East Branch,Kolkata,2026-01-01
AGT0178,SM4211-Kiran,RSM421-Rahul,SRSM42-Arjun,ZH4-Vivaan,Kolkata East Branch,Kolkata,2026-01-01
AGT0179,SM4211-Kiran,RSM421-Rahul,SRSM42-Arjun,ZH4-Vivaan,Kolkata East Branch,Kolkata,2026-01-01
AGT0180,SM4211-Kiran,RSM421-Rahul,SRSM42-Arjun,ZH4-Vivaan,Kolkata East Branch,Kolkata,2026-01-01
AGT0181,SM4211-Kiran,RSM421-Rahul,SRSM42-Arjun,ZH4-Vivaan,Kolkata East Branch,Kolkata,2026-01-01
AGT0182,SM4212-Vijay,RSM421-Rahul,SRSM42-Arjun,ZH4-Vivaan,Guwahati East Branch,Guwahati,2026-01-01
AGT0183,SM4212-Vijay,RSM421-Rahul,SRSM42-Arjun,ZH4-Vivaan,Guwahati East Branch,Guwahati,2026-01-01
AGT0184,SM4212-Vijay,RSM421-Rahul,SRSM42-Arjun,ZH4-Vivaan,Guwahati East Branch,Guwahati,2026-01-01
AGT0185,SM4212-Vijay,RSM421-Rahul,SRSM42-Arjun,ZH4-Vivaan,Guwahati East Branch,Guwahati,2026-01-01
AGT0186,SM4213-Kabir,RSM421-Rahul,SRSM42-Arjun,ZH4-Vivaan,Guwahati East Branch,Guwahati,2026-01-01
AGT0187,SM4213-Kabir,RSM421-Rahul,SRSM42-Arjun,ZH4-Vivaan,Guwahati East Branch,Guwahati,2026-01-01
AGT0188,SM4213-Kabir,RSM421-Rahul,SRSM42-Arjun,ZH4-Vivaan,Guwahati East Branch,Guwahati,2026-01-01
AGT0189,SM4221-Simran,RSM422-Yash,SRSM42-Arjun,ZH4-Vivaan,Guwahati East Branch,Guwahati,2026-01-01
AGT0190,SM4221-Simran,RSM422-Yash,SRSM42-Arjun,ZH4-Vivaan,Guwahati East Branch,Guwahati,2026-01-01
AGT0191,SM4221-Simran,RSM422-Yash,SRSM42-Arjun,ZH4-Vivaan,Guwahati East Branch,Guwahati,2026-01-01
AGT0192,SM4221-Simran,RSM422-Yash,SRSM42-Arjun,ZH4-Vivaan,Guwahati East Branch,Guwahati,2026-01-01
AGT0193,SM4221-Simran,RSM422-Yash,SRSM42-Arjun,ZH4-Vivaan,Guwahati East Branch,Guwahati,2026-01-01
AGT0194,SM4222-Ananya,RSM422-Yash,SRSM42-Arjun,ZH4-Vivaan,Bhubaneswar East Branch,Bhubaneswar,2026-01-01
AGT0195,SM4222-Ananya,RSM422-Yash,SRSM42-Arjun,ZH4-Vivaan,Bhubaneswar East Branch,Bhubaneswar,2026-01-01
AGT0196,SM4222-Ananya,RSM422-Yash,SRSM42-Arjun,ZH4-Vivaan,Bhubaneswar East Branch,Bhubaneswar,2026-01-01
AGT0197,SM4222-Ananya,RSM422-Yash,SRSM42-Arjun,ZH4-Vivaan,Bhubaneswar East Branch,Bhubaneswar,2026-01-01
AGT0198,SM4223-Aditya,RSM422-Yash,SRSM42-Arjun,ZH4-Vivaan,Ranchi East Branch,Ranchi,2026-01-01
AGT0199,SM4223-Aditya,RSM422-Yash,SRSM42-Arjun,ZH4-Vivaan,Ranchi East Branch,Ranchi,2026-01-01
AGT0200,SM4223-Aditya,RSM422-Yash,SRSM42-Arjun,ZH4-Vivaan,Ranchi East Branch,Ranchi,2026-01-01
AGT0201,SM4223-Aditya,RSM422-Yash,SRSM42-Arjun,ZH4-Vivaan,Ranchi East Branch,Ranchi,2026-01-01
AGT0202,SM5111-Ajay,RSM511-Kavya,SRSM51-Kiran,ZH5-Pradeep,Bhopal Central Branch,Bhopal,2026-01-01
AGT0203,SM5111-Ajay,RSM511-Kavya,SRSM51-Kiran,ZH5-Pradeep,Bhopal Central Branch,Bhopal,2026-01-01
AGT0204,SM5111-Ajay,RSM511-Kavya,SRSM51-Kiran,ZH5-Pradeep,Bhopal Central Branch,Bhopal,2026-01-01
AGT0205,SM5111-Ajay,RSM511-Kavya,SRSM51-Kiran,ZH5-Pradeep,Bhopal Central Branch,Bhopal,2026-01-01
AGT0206,SM5112-Sandeep,RSM511-Kavya,SRSM51-Kiran,ZH5-Pradeep,Varanasi Central Branch,Varanasi,2026-01-01
AGT0207,SM5112-Sandeep,RSM511-Kavya,SRSM51-Kiran,ZH5-Pradeep,Varanasi Central Branch,Varanasi,2026-01-01
AGT0208,SM5112-Sandeep,RSM511-Kavya,SRSM51-Kiran,ZH5-Pradeep,Varanasi Central Branch,Varanasi,2026-01-01
AGT0209,SM5113-Varun,RSM511-Kavya,SRSM51-Kiran,ZH5-Pradeep,Bhopal Central Branch,Bhopal,2026-01-01
AGT0210,SM5113-Varun,RSM511-Kavya,SRSM51-Kiran,ZH5-Pradeep,Bhopal Central Branch,Bhopal,2026-01-01
AGT0211,SM5113-Varun,RSM511-Kavya,SRSM51-Kiran,ZH5-Pradeep,Bhopal Central Branch,Bhopal,2026-01-01
AGT0212,SM5121-Rahul,RSM512-Harish,SRSM51-Kiran,ZH5-Pradeep,Kanpur Central Branch,Kanpur,2026-01-01
AGT0213,SM5121-Rahul,RSM512-Harish,SRSM51-Kiran,ZH5-Pradeep,Kanpur Central Branch,Kanpur,2026-01-01
AGT0214,SM5121-Rahul,RSM512-Harish,SRSM51-Kiran,ZH5-Pradeep,Kanpur Central Branch,Kanpur,2026-01-01
AGT0215,SM5121-Rahul,RSM512-Harish,SRSM51-Kiran,ZH5-Pradeep,Kanpur Central Branch,Kanpur,2026-01-01
AGT0216,SM5122-Aditi,RSM512-Harish,SRSM51-Kiran,ZH5-Pradeep,Varanasi Central Branch,Varanasi,2026-01-01
AGT0217,SM5122-Aditi,RSM512-Harish,SRSM51-Kiran,ZH5-Pradeep,Varanasi Central Branch,Varanasi,2026-01-01
AGT0218,SM5122-Aditi,RSM512-Harish,SRSM51-Kiran,ZH5-Pradeep,Varanasi Central Branch,Varanasi,2026-01-01
AGT0219,SM5123-Ramesh,RSM512-Harish,SRSM51-Kiran,ZH5-Pradeep,Raipur Central Branch,Raipur,2026-01-01
AGT0220,SM5123-Ramesh,RSM512-Harish,SRSM51-Kiran,ZH5-Pradeep,Raipur Central Branch,Raipur,2026-01-01
AGT0221,SM5123-Ramesh,RSM512-Harish,SRSM51-Kiran,ZH5-Pradeep,Raipur Central Branch,Raipur,2026-01-01
AGT0222,SM5123-Ramesh,RSM512-Harish,SRSM51-Kiran,ZH5-Pradeep,Raipur Central Branch,Raipur,2026-01-01
AGT0223,SM5123-Ramesh,RSM512-Harish,SRSM51-Kiran,ZH5-Pradeep,Raipur Central Branch,Raipur,2026-01-01
AGT0224,SM5211-Gaurav,RSM521-Ananya,SRSM52-Anil,ZH5-Pradeep,Raipur Central Branch,Raipur,2026-01-01
AGT0225,SM5211-Gaurav,RSM521-Ananya,SRSM52-Anil,ZH5-Pradeep,Raipur Central Branch,Raipur,2026-01-01
AGT0226,SM5211-Gaurav,RSM521-Ananya,SRSM52-Anil,ZH5-Pradeep,Raipur Central Branch,Raipur,2026-01-01
AGT0227,SM5211-Gaurav,RSM521-Ananya,SRSM52-Anil,ZH5-Pradeep,Raipur Central Branch,Raipur,2026-01-01
AGT0228,SM5212-Yash,RSM521-Ananya,SRSM52-Anil,ZH5-Pradeep,Raipur Central Branch,Raipur,2026-01-01
AGT0229,SM5212-Yash,RSM521-Ananya,SRSM52-Anil,ZH5-Pradeep,Raipur Central Branch,Raipur,2026-01-01
AGT0230,SM5212-Yash,RSM521-Ananya,SRSM52-Anil,ZH5-Pradeep,Raipur Central Branch,Raipur,2026-01-01
AGT0231,SM5213-Meera,RSM521-Ananya,SRSM52-Anil,ZH5-Pradeep,Raipur Central Branch,Raipur,2026-01-01
AGT0232,SM5213-Meera,RSM521-Ananya,SRSM52-Anil,ZH5-Pradeep,Raipur Central Branch,Raipur,2026-01-01
AGT0233,SM5213-Meera,RSM521-Ananya,SRSM52-Anil,ZH5-Pradeep,Raipur Central Branch,Raipur,2026-01-01
AGT0234,SM5213-Meera,RSM521-Ananya,SRSM52-Anil,ZH5-Pradeep,Raipur Central Branch,Raipur,2026-01-01
AGT0235,SM5221-Rajesh,RSM522-Priya,SRSM52-Anil,ZH5-Pradeep,Bhopal Central Branch,Bhopal,2026-01-01
AGT0236,SM5221-Rajesh,RSM522-Priya,SRSM52-Anil,ZH5-Pradeep,Bhopal Central Branch,Bhopal,2026-01-01
AGT0237,SM5221-Rajesh,RSM522-Priya,SRSM52-Anil,ZH5-Pradeep,Bhopal Central Branch,Bhopal,2026-01-01
AGT0238,SM5222-Diya,RSM522-Priya,SRSM52-Anil,ZH5-Pradeep,Bhopal Central Branch,Bhopal,2026-01-01
AGT0239,SM5222-Diya,RSM522-Priya,SRSM52-Anil,ZH5-Pradeep,Bhopal Central Branch,Bhopal,2026-01-01
AGT0240,SM5222-Diya,RSM522-Priya,SRSM52-Anil,ZH5-Pradeep,Bhopal Central Branch,Bhopal,2026-01-01
AGT0241,SM5223-Isha,RSM522-Priya,SRSM52-Anil,ZH5-Pradeep,Kanpur Central Branch,Kanpur,2026-01-01
AGT0242,SM5223-Isha,RSM522-Priya,SRSM52-Anil,ZH5-Pradeep,Kanpur Central Branch,Kanpur,2026-01-01
AGT0243,SM5223-Isha,RSM522-Priya,SRSM52-Anil,ZH5-Pradeep,Kanpur Central Branch,Kanpur,2026-01-01
AGT0244,SM5311-Nisha,RSM531-Reyansh,SRSM53-Pradeep,ZH5-Pradeep,Raipur Central Branch,Raipur,2026-01-01
AGT0245,SM5311-Nisha,RSM531-Reyansh,SRSM53-Pradeep,ZH5-Pradeep,Raipur Central Branch,Raipur,2026-01-01
AGT0246,SM5311-Nisha,RSM531-Reyansh,SRSM53-Pradeep,ZH5-Pradeep,Raipur Central Branch,Raipur,2026-01-01
AGT0247,SM5311-Nisha,RSM531-Reyansh,SRSM53-Pradeep,ZH5-Pradeep,Raipur Central Branch,Raipur,2026-01-01
AGT0248,SM5312-Anjali,RSM531-Reyansh,SRSM53-Pradeep,ZH5-Pradeep,Kanpur Central Branch,Kanpur,2026-01-01
AGT0249,SM5312-Anjali,RSM531-Reyansh,SRSM53-Pradeep,ZH5-Pradeep,Kanpur Central Branch,Kanpur,2026-01-01
AGT0250,SM5312-Anjali,RSM531-Reyansh,SRSM53-Pradeep,ZH5-Pradeep,Kanpur Central Branch,Kanpur,2026-01-01
AGT0251,SM5312-Anjali,RSM531-Reyansh,SRSM53-Pradeep,ZH5-Pradeep,Kanpur Central Branch,Kanpur,2026-01-01
AGT0252,SM5313-Rahul,RSM531-Reyansh,SRSM53-Pradeep,ZH5-Pradeep,Varanasi Central Branch,Varanasi,2026-01-01
AGT0253,SM5313-Rahul,RSM531-Reyansh,SRSM53-Pradeep,ZH5-Pradeep,Varanasi Central Branch,Varanasi,2026-01-01
AGT0254,SM5313-Rahul,RSM531-Reyansh,SRSM53-Pradeep,ZH5-Pradeep,Varanasi Central Branch,Varanasi,2026-01-01
AGT0255,SM5321-Sai,RSM532-Tanvi,SRSM53-Pradeep,ZH5-Pradeep,Bhopal Central Branch,Bhopal,2026-01-01
AGT0256,SM5321-Sai,RSM532-Tanvi,SRSM53-Pradeep,ZH5-Pradeep,Bhopal Central Branch,Bhopal,2026-01-01
AGT0257,SM5321-Sai,RSM532-Tanvi,SRSM53-Pradeep,ZH5-Pradeep,Bhopal Central Branch,Bhopal,2026-01-01
AGT0258,SM5321-Sai,RSM532-Tanvi,SRSM53-Pradeep,ZH5-Pradeep,Bhopal Central Branch,Bhopal,2026-01-01
AGT0259,SM5322-Nikhil,RSM532-Tanvi,SRSM53-Pradeep,ZH5-Pradeep,Varanasi Central Branch,Varanasi,2026-01-01
AGT0260,SM5322-Nikhil,RSM532-Tanvi,SRSM53-Pradeep,ZH5-Pradeep,Varanasi Central Branch,Varanasi,2026-01-01
AGT0261,SM5322-Nikhil,RSM532-Tanvi,SRSM53-Pradeep,ZH5-Pradeep,Varanasi Central Branch,Varanasi,2026-01-01
AGT0262,SM5322-Nikhil,RSM532-Tanvi,SRSM53-Pradeep,ZH5-Pradeep,Varanasi Central Branch,Varanasi,2026-01-01
AGT0263,SM5322-Nikhil,RSM532-Tanvi,SRSM53-Pradeep,ZH5-Pradeep,Varanasi Central Branch,Varanasi,2026-01-01
AGT0264,SM5323-Ishaan,RSM532-Tanvi,SRSM53-Pradeep,ZH5-Pradeep,Bhopal Central Branch,Bhopal,2026-01-01
AGT0265,SM5323-Ishaan,RSM532-Tanvi,SRSM53-Pradeep,ZH5-Pradeep,Bhopal Central Branch,Bhopal,2026-01-01
AGT0266,SM5323-Ishaan,RSM532-Tanvi,SRSM53-Pradeep,ZH5-Pradeep,Bhopal Central Branch,Bhopal,2026-01-01
